{"cameraMode":{"drawMode":0,"name":"Shaded","section":"Shading Mode"},"sceneLighting":true,"audioPlay":false,"sceneViewState":{"m_AlwaysRefresh":true,"showFog":true,"showSkybox":true,"showFlares":true,"showImageEffects":false,"showParticleSystems":true,"showVisualEffectGraphs":true,"m_FxEnabled":true},"in2DMode":false,"pivot":{"x":7.5820465087890629,"y":2.3940746784210207,"z":-6.952228546142578},"rotation":{"x":-0.04336264356970787,"y":0.36872684955596926,"z":-0.016957564279437066,"w":-0.9284781813621521},"size":1.032751441001892,"orthographic":false}